source_domain,source_ref,reference,pin,source_net,merged_net,x_mm,y_mm
power,H2,H2,,,,62.0,3.0
power,C3,C3,1,REG_RAW,REG_RAW,47.0,23.0
power,C3,C3,2,GND,GND,52.0,23.0
power,RS1,RS1,1,PRE_SHUNT,PRE_SHUNT,53.89,42.535
power,RS1,RS1,2,SENSE_P,SENSE_P,49.7,42.535
power,RS1,RS1,3,SENSE_N,SENSE_N,49.7,47.465
power,RS1,RS1,4,SERVO_BUS,SERVO_BUS,53.89,47.465
power,C2,C2,1,REG_RAW,REG_RAW,47.0,10.0
power,C2,C2,2,GND,GND,52.0,10.0
power,W3,W3,1,SERVO_BUS,SERVO_BUS,54.0,54.0
power,W4,W4,1,GND,GND,44.0,56.0
power,H1,H1,,,,3.0,3.0
power,U1,U1,1,BAT_SW,BAT_SW,8.5,16.8
power,U1,U1,2,TDK_ON_N,TDK_ON_N,8.5,24.42
power,U1,U1,3,GND,GND,8.5,32.04
power,U1,U1,4,GND,GND,36.44,32.04
power,U1,U1,5,ITRIM,ITRIM,36.44,28.23
power,U1,U1,6,VTRIM,VTRIM,36.44,24.42
power,U1,U1,7,REG_RAW,REG_RAW,36.44,20.61
power,U1,U1,8,REG_RAW,REG_RAW,36.44,16.8
power,U1,U1,32,GND,GND,20.57,32.04
power,U1,U1,34,IMON_RAW,IMON_RAW,24.38,32.04
power,Q1,Q1,,,,49.014,36.905
power,Q1,Q1,,,,49.014,35.635
power,Q1,Q1,,,,49.014,34.365
power,Q1,Q1,,,,49.014,33.095
power,Q1,Q1,,,,47.94,36.569
power,Q1,Q1,,,,47.94,35.523
power,Q1,Q1,,,,47.94,34.477
power,Q1,Q1,,,,47.94,33.431
power,Q1,Q1,,,,46.296,36.569
power,Q1,Q1,,,,46.296,35.523
power,Q1,Q1,,,,46.296,34.477
power,Q1,Q1,,,,46.296,33.431
power,Q1,Q1,,,,43.464,36.905
power,Q1,Q1,,,,43.464,35.635
power,Q1,Q1,,,,43.464,34.365
power,Q1,Q1,,,,43.464,33.095
power,Q1,Q1,1,REG_RAW,REG_RAW,43.23,33.095
power,Q1,Q1,2,REG_RAW,REG_RAW,43.23,34.365
power,Q1,Q1,3,REG_RAW,REG_RAW,43.23,35.635
power,Q1,Q1,4,DGATE,DGATE,43.23,36.905
power,Q1,Q1,5,MID_DRAIN,MID_DRAIN,49.161,36.905
power,Q1,Q1,5,MID_DRAIN,MID_DRAIN,46.941,35.0
power,Q1,Q1,6,MID_DRAIN,MID_DRAIN,49.161,35.635
power,Q1,Q1,7,MID_DRAIN,MID_DRAIN,49.161,34.365
power,Q1,Q1,8,MID_DRAIN,MID_DRAIN,49.161,33.095
power,Q2,Q2,,,,53.986,33.095
power,Q2,Q2,,,,53.986,34.365
power,Q2,Q2,,,,53.986,35.635
power,Q2,Q2,,,,53.986,36.905
power,Q2,Q2,,,,55.06,33.431
power,Q2,Q2,,,,55.06,34.477
power,Q2,Q2,,,,55.06,35.523
power,Q2,Q2,,,,55.06,36.569
power,Q2,Q2,,,,56.704,33.431
power,Q2,Q2,,,,56.704,34.477
power,Q2,Q2,,,,56.704,35.523
power,Q2,Q2,,,,56.704,36.569
power,Q2,Q2,,,,59.536,33.095
power,Q2,Q2,,,,59.536,34.365
power,Q2,Q2,,,,59.536,35.635
power,Q2,Q2,,,,59.536,36.905
power,Q2,Q2,1,PRE_SHUNT,PRE_SHUNT,59.77,36.905
power,Q2,Q2,2,PRE_SHUNT,PRE_SHUNT,59.77,35.635
power,Q2,Q2,3,PRE_SHUNT,PRE_SHUNT,59.77,34.365
power,Q2,Q2,4,HGATE,HGATE,59.77,33.095
power,Q2,Q2,5,MID_DRAIN,MID_DRAIN,53.839,33.095
power,Q2,Q2,5,MID_DRAIN,MID_DRAIN,56.059,35.0
power,Q2,Q2,6,MID_DRAIN,MID_DRAIN,53.839,34.365
power,Q2,Q2,7,MID_DRAIN,MID_DRAIN,53.839,35.635
power,Q2,Q2,8,MID_DRAIN,MID_DRAIN,53.839,36.905
power,W1,W1,1,BAT_SW,BAT_SW,8.0,52.0
power,H4,H4,,,,62.0,57.0
power,J1,J1,1,GND,GND,61.325,23.5
power,J1,J1,2,+3V3,+3V3,61.325,22.5
power,J1,J1,3,I2C_SDA,I2C_SDA,61.325,21.5
power,J1,J1,4,I2C_SCL,I2C_SCL,61.325,20.5
power,J1,J1,5,RUN_REQ,RUN_REQ,61.325,19.5
power,J1,J1,6,RUN_OK,RUN_OK,61.325,18.5
power,J1,J1,7,TDK_IMON,TDK_IMON,61.325,17.5
power,J1,J1,8,GND,GND,61.325,16.5
power,J1,J1,MP,,,58.8,24.8
power,J1,J1,MP,,,58.8,15.2
power,W2,W2,1,GND,GND,31.0,53.0
power,H3,H3,,,,3.0,57.0
power,C1,C1,1,BAT_SW,BAT_SW,18.0,52.0
power,C1,C1,2,GND,GND,23.0,52.0
power,Q3,Q3,1,RUN_OK,RUN_OK,6.9375,27.05
power,Q3,Q3,2,GND,GND,6.9375,28.95
power,Q3,Q3,3,TDK_ON_N,TDK_ON_N,5.0625,28.0
power,R4,R4,1,MID_DRAIN,MID_DRAIN,42.0,29.825
power,R4,R4,2,OV_SENSE,OV_SENSE,42.0,28.175
power,C13,C13,1,BAT_SW,BAT_SW,14.475,19.0
power,C13,C13,2,GND,GND,11.525,19.0
power,C6,C6,1,MID_DRAIN,MID_DRAIN,41.775,36.0
power,C6,C6,2,GND,GND,40.225,36.0
power,R5,R5,1,OV_SENSE,OV_SENSE,42.0,25.825
power,R5,R5,2,GND,GND,42.0,24.175
power,C10,C10,1,+3V3,+3V3,33.775,48.0
power,C10,C10,2,GND,GND,32.225,48.0
power,C17,C17,1,BAT_SW,BAT_SW,21.475,23.0
power,C17,C17,2,GND,GND,18.525,23.0
power,R11,R11,1,SENSE_N,SENSE_N,30.825,48.0
power,R11,R11,2,INA_N,INA_N,29.175,48.0
power,U4,U4,1,SENSE_P,SENSE_P,55.1,28.0
power,U4,U4,2,SENSE_N,SENSE_N,55.1,28.5
power,U4,U4,3,OC_LIMIT,OC_LIMIT,55.1,29.0
power,U4,U4,4,+3V3,+3V3,55.1,29.5
power,U4,U4,5,RUN_OK,RUN_OK,55.1,30.0
power,U4,U4,6,RUN_REQ,RUN_REQ,50.9,30.0
power,U4,U4,7,unconnected-(U4-DELAY-Pad7),unconnected-(U4-DELAY-Pad7),50.9,29.5
power,U4,U4,8,GND,GND,50.9,29.0
power,U4,U4,9,+3V3,+3V3,50.9,28.5
power,U4,U4,10,unconnected-(U4-HYS-Pad10),unconnected-(U4-HYS-Pad10),50.9,28.0
power,U3,U3,1,GND,GND,32.1,44.0
power,U3,U3,2,+3V3,+3V3,32.1,44.5
power,U3,U3,3,unconnected-(U3-ALERT-Pad3),unconnected-(U3-ALERT-Pad3),32.1,45.0
power,U3,U3,4,I2C_SDA,I2C_SDA,32.1,45.5
power,U3,U3,5,I2C_SCL,I2C_SCL,32.1,46.0
power,U3,U3,6,+3V3,+3V3,27.9,46.0
power,U3,U3,7,GND,GND,27.9,45.5
power,U3,U3,8,SERVO_BUS,SERVO_BUS,27.9,45.0
power,U3,U3,9,INA_N,INA_N,27.9,44.5
power,U3,U3,10,INA_P,INA_P,27.9,44.0
power,R6,R6,1,RUN_REQ,RUN_REQ,32.825,41.0
power,R6,R6,2,RUN_OK,RUN_OK,31.175,41.0
power,C12,C12,1,BAT_SW,BAT_SW,9.775,20.0
power,C12,C12,2,GND,GND,8.225,20.0
power,R1,R1,1,VTRIM,VTRIM,39.0,24.825
power,R1,R1,2,GND,GND,39.0,23.175
power,C18,C18,1,BAT_SW,BAT_SW,14.475,27.0
power,C18,C18,2,GND,GND,11.525,27.0
power,U2,U2,,,,44.375,40.625
power,U2,U2,,,,44.375,39.375
power,U2,U2,,,,43.625,40.625
power,U2,U2,,,,43.625,39.375
power,U2,U2,1,DGATE,DGATE,45.4375,38.75
power,U2,U2,2,REG_RAW,REG_RAW,45.4375,39.25
power,U2,U2,3,MID_DRAIN,MID_DRAIN,45.4375,39.75
power,U2,U2,4,MID_DRAIN,MID_DRAIN,45.4375,40.25
power,U2,U2,5,OV_SENSE,OV_SENSE,45.4375,40.75
power,U2,U2,6,RUN_OK,RUN_OK,45.4375,41.25
power,U2,U2,7,GND,GND,42.5625,41.25
power,U2,U2,8,HGATE,HGATE,42.5625,40.75
power,U2,U2,9,PRE_SHUNT,PRE_SHUNT,42.5625,40.25
power,U2,U2,10,MID_DRAIN,MID_DRAIN,42.5625,39.75
power,U2,U2,11,CP_CAP,CP_CAP,42.5625,39.25
power,U2,U2,12,MID_DRAIN,MID_DRAIN,42.5625,38.75
power,U2,U2,13,unconnected-(U2-EP_FLOAT-Pad13),unconnected-(U2-EP_FLOAT-Pad13),44.0,40.0
power,C14,C14,1,BAT_SW,BAT_SW,21.475,19.0
power,C14,C14,2,GND,GND,18.525,19.0
power,C4,C4,1,TDK_IMON,TDK_IMON,27.775,35.0
power,C4,C4,2,GND,GND,26.225,35.0
power,C9,C9,1,INA_P,INA_P,26.775,50.0
power,C9,C9,2,INA_N,INA_N,25.225,50.0
power,C7,C7,1,REG_RAW,REG_RAW,46.775,44.0
power,C7,C7,2,GND,GND,45.225,44.0
power,R8,R8,1,RUN_REQ,RUN_REQ,29.0,38.825
power,R8,R8,2,GND,GND,29.0,37.175
power,C16,C16,1,BAT_SW,BAT_SW,14.475,23.0
power,C16,C16,2,GND,GND,11.525,23.0
power,R7,R7,1,RUN_OK,RUN_OK,35.0,38.825
power,R7,R7,2,GND,GND,35.0,37.175
power,C5,C5,1,CP_CAP,CP_CAP,41.775,34.0
power,C5,C5,2,MID_DRAIN,MID_DRAIN,40.225,34.0
power,R9,R9,1,OC_LIMIT,OC_LIMIT,61.0,29.825
power,R9,R9,2,GND,GND,61.0,28.175
power,C19,C19,1,BAT_SW,BAT_SW,21.475,27.0
power,C19,C19,2,GND,GND,18.525,27.0
power,C11,C11,1,+3V3,+3V3,57.775,26.5
power,C11,C11,2,GND,GND,56.225,26.5
power,C8,C8,1,PRE_SHUNT,PRE_SHUNT,60.775,39.0
power,C8,C8,2,GND,GND,59.225,39.0
power,C15,C15,1,REG_RAW,REG_RAW,36.775,14.0
power,C15,C15,2,GND,GND,35.225,14.0
power,R3,R3,1,IMON_RAW,IMON_RAW,24.825,35.0
power,R3,R3,2,TDK_IMON,TDK_IMON,23.175,35.0
power,R10,R10,1,SENSE_P,SENSE_P,26.825,48.0
power,R10,R10,2,INA_P,INA_P,25.175,48.0
power,R2,R2,1,ITRIM,ITRIM,39.0,29.825
power,R2,R2,2,GND,GND,39.0,28.175
regen,P5,P105,1,BRAKE_ACTIVE_N,RG_BRAKE_ACTIVE_N,40.68,-8.5
regen,C1,C101,1,SERVO_BUS,SERVO_BUS,1.8,-6.0
regen,C1,C101,2,GND,GND,1.8,-1.0
regen,P2,P102,1,+3V3,RG_+3V3,36.87,-8.5
regen,RS1,RS101,1,BRAKE_SHUNT_P,RG_BRAKE_SHUNT_P,35.465,-2.61
regen,RS1,RS101,2,BRAKE_SENSE_P,RG_BRAKE_SENSE_P,35.465,-6.8
regen,RS1,RS101,3,BRAKE_SENSE_N,RG_BRAKE_SENSE_N,30.535,-6.8
regen,RS1,RS101,4,GND,GND,30.535,-2.61
regen,Q1,Q101,,,,46.014,-1.595
regen,Q1,Q101,,,,46.014,-2.865
regen,Q1,Q101,,,,46.014,-4.135
regen,Q1,Q101,,,,46.014,-5.405
regen,Q1,Q101,,,,44.94,-1.931
regen,Q1,Q101,,,,44.94,-2.977
regen,Q1,Q101,,,,44.94,-4.023
regen,Q1,Q101,,,,44.94,-5.069
regen,Q1,Q101,,,,43.296,-1.931
regen,Q1,Q101,,,,43.296,-2.977
regen,Q1,Q101,,,,43.296,-4.023
regen,Q1,Q101,,,,43.296,-5.069
regen,Q1,Q101,,,,40.464,-1.595
regen,Q1,Q101,,,,40.464,-2.865
regen,Q1,Q101,,,,40.464,-4.135
regen,Q1,Q101,,,,40.464,-5.405
regen,Q1,Q101,1,BRAKE_SHUNT_P,RG_BRAKE_SHUNT_P,40.23,-5.405
regen,Q1,Q101,2,BRAKE_SHUNT_P,RG_BRAKE_SHUNT_P,40.23,-4.135
regen,Q1,Q101,3,BRAKE_SHUNT_P,RG_BRAKE_SHUNT_P,40.23,-2.865
regen,Q1,Q101,4,GATE,RG_GATE,40.23,-1.595
regen,Q1,Q101,5,RH_LOW,RG_RH_LOW,46.161,-1.595
regen,Q1,Q101,5,RH_LOW,RG_RH_LOW,43.941,-3.5
regen,Q1,Q101,6,RH_LOW,RG_RH_LOW,46.161,-2.865
regen,Q1,Q101,7,RH_LOW,RG_RH_LOW,46.161,-4.135
regen,Q1,Q101,8,RH_LOW,RG_RH_LOW,46.161,-5.405
regen,W4,W104,1,RH_LOW,RG_RH_LOW,44.0,-11.5
regen,C11,C111,1,SERVO_BUS,SERVO_BUS,1.325,18.0
regen,C11,C111,2,GND,GND,4.275,18.0
regen,W3,W103,1,SERVO_BUS,SERVO_BUS,32.0,-11.5
regen,C10,C110,1,SERVO_BUS,SERVO_BUS,1.325,10.0
regen,C10,C110,2,GND,GND,4.275,10.0
regen,C12,C112,1,SERVO_BUS,SERVO_BUS,1.325,36.0
regen,C12,C112,2,GND,GND,4.275,36.0
regen,P3,P103,1,I2C_SDA,RG_I2C_SDA,38.14,-8.5
regen,P1,P101,1,GND,GND,35.6,-8.5
regen,P4,P104,1,I2C_SCL,RG_I2C_SCL,39.41,-8.5
regen,R4,R104,1,GATE_H,RG_GATE_H,38.825,-1.0
regen,R4,R104,2,GATE,RG_GATE,37.175,-1.0
regen,C4,C104,1,VREF_1V25,RG_VREF_1V25,17.275,8.0
regen,C4,C104,2,GND,GND,15.725,8.0
regen,R9,R109,1,BRAKE_SENSE_N,RG_BRAKE_SENSE_N,22.825,-2.5
regen,R9,R109,2,INA_N,RG_INA_N,21.175,-2.5
regen,U2,U102,1,BRAKE_5V,RG_BRAKE_5V,13.9375,6.05
regen,U2,U102,2,VREF_1V25,RG_VREF_1V25,13.9375,7.95
regen,U2,U102,3,GND,GND,12.0625,7.0
regen,R5,R105,1,GATE_L,RG_GATE_L,38.825,-5.0
regen,R5,R105,2,GATE,RG_GATE,37.175,-5.0
regen,C5,C105,1,BRAKE_5V,RG_BRAKE_5V,43.0,5.775
regen,C5,C105,2,GND,GND,43.0,4.225
regen,R3,R103,1,BRAKE_CMD,RG_BRAKE_CMD,23.825,15.0
regen,R3,R103,2,REGEN_DIV,RG_REGEN_DIV,22.175,15.0
regen,C7,C107,1,BRAKE_5V,RG_BRAKE_5V,35.7,-2.725
regen,C7,C107,2,GND,GND,35.7,-4.275
regen,R6,R106,1,GATE,RG_GATE,47.825,-2.0
regen,R6,R106,2,GND,GND,46.175,-2.0
regen,C3,C103,1,BRAKE_5V,RG_BRAKE_5V,7.775,10.0
regen,C3,C103,2,GND,GND,6.225,10.0
regen,C8,C108,1,INA_P,RG_INA_P,18.275,4.0
regen,C8,C108,2,INA_N,RG_INA_N,16.725,4.0
regen,U3,U103,1,BRAKE_CMD,RG_BRAKE_CMD,21.1375,10.05
regen,U3,U103,2,GND,GND,21.1375,11.0
regen,U3,U103,3,REGEN_DIV,RG_REGEN_DIV,21.1375,11.95
regen,U3,U103,4,VREF_1V25,RG_VREF_1V25,18.8625,11.95
regen,U3,U103,5,BRAKE_5V,RG_BRAKE_5V,18.8625,10.05
regen,C9,C109,1,+3V3,RG_+3V3,21.775,4.0
regen,C9,C109,2,GND,GND,20.225,4.0
regen,U4,U104,1,BRAKE_5V,RG_BRAKE_5V,40.1375,1.05
regen,U4,U104,2,GATE_H,RG_GATE_H,40.1375,2.0
regen,U4,U104,3,GATE_L,RG_GATE_L,40.1375,2.95
regen,U4,U104,4,GND,GND,37.8625,2.95
regen,U4,U104,5,GND,GND,37.8625,2.0
regen,U4,U104,6,BRAKE_CMD,RG_BRAKE_CMD,37.8625,1.05
regen,R7,R107,1,BRAKE_CMD,RG_BRAKE_CMD,24.825,11.0
regen,R7,R107,2,GND,GND,23.175,11.0
regen,R8,R108,1,BRAKE_SENSE_P,RG_BRAKE_SENSE_P,22.825,0.0
regen,R8,R108,2,INA_P,RG_INA_P,21.175,0.0
regen,U1,U101,1,BRAKE_5V,RG_BRAKE_5V,7.9375,6.05
regen,U1,U101,2,SERVO_BUS,SERVO_BUS,7.9375,7.95
regen,U1,U101,3,GND,GND,6.0625,7.0
regen,R10,R110,1,+3V3,RG_+3V3,24.825,7.0
regen,R10,R110,2,BRAKE_ACTIVE_N,RG_BRAKE_ACTIVE_N,23.175,7.0
regen,C2,C102,1,SERVO_BUS,SERVO_BUS,8.775,4.0
regen,C2,C102,2,GND,GND,7.225,4.0
regen,R1,R101,1,SERVO_BUS,SERVO_BUS,13.825,13.0
regen,R1,R101,2,REGEN_DIV,RG_REGEN_DIV,12.175,13.0
regen,C6,C106,1,BRAKE_5V,RG_BRAKE_5V,35.7,2.775
regen,C6,C106,2,GND,GND,35.7,1.225
regen,Q2,Q102,1,BRAKE_CMD,RG_BRAKE_CMD,20.9375,6.05
regen,Q2,Q102,2,GND,GND,20.9375,7.95
regen,Q2,Q102,3,BRAKE_ACTIVE_N,RG_BRAKE_ACTIVE_N,19.0625,7.0
regen,U5,U105,1,GND,GND,28.1,3.0
regen,U5,U105,2,I2C_SDA,RG_I2C_SDA,28.1,3.5
regen,U5,U105,3,unconnected-(U5-ALERT-Pad3),unconnected-(U105-ALERT-Pad3),28.1,4.0
regen,U5,U105,4,I2C_SDA,RG_I2C_SDA,28.1,4.5
regen,U5,U105,5,I2C_SCL,RG_I2C_SCL,28.1,5.0
regen,U5,U105,6,+3V3,RG_+3V3,23.9,5.0
regen,U5,U105,7,GND,GND,23.9,4.5
regen,U5,U105,8,SERVO_BUS,SERVO_BUS,23.9,4.0
regen,U5,U105,9,INA_N,RG_INA_N,23.9,3.5
regen,U5,U105,10,INA_P,RG_INA_P,23.9,3.0
regen,R2,R102,1,REGEN_DIV,RG_REGEN_DIV,17.825,14.0
regen,R2,R102,2,GND,GND,16.175,14.0
